{
  "best_params": {
    "C": 13.12224538925296,
    "kernel": "linear",
    "gamma": "scale",
    "class_weight": null,
    "max_iter": 17199,
    "tol": 0.004532986414629551
  },
  "best_value": 0.7857142857142857,
  "n_trials": 200
}