{
  "best_params": {
    "C": 0.010291700599696951,
    "kernel": "linear",
    "gamma": "auto",
    "class_weight": null,
    "max_iter": 9911,
    "tol": 0.0001841278322866961
  },
  "best_value": 0.7857142857142857,
  "n_trials": 200
}