{
  "best_params": {
    "C": 0.1874631931089723,
    "kernel": "rbf",
    "gamma": 0.021087845897956915
  },
  "best_value": 0.8116883116883117,
  "n_trials": 100
}